<?xml version="1.0" encoding="UTF-8"?>
<templates xml:space="preserve">

<t t-name="web.SwitchBranchMenu" owl="1">

    <Dropdown class="o_switch_branch_menu" position="'bottom-end'">
        <t t-set-slot="toggler">
            <span t-attf-class="{{env.isSmall ? 'fa fa-building-o' : 'oe_topbar_name'}}">
                <t t-if="!env.isSmall"><t t-esc="currentBranch.name"/></t>
            </span>
        </t>
        <t t-foreach="Object.values(branchService.availableBranches)" t-as="branch">
            <t t-call="web.SwitchBranchItem">
                <t t-set="branch" t-value="branch" />
            </t>
        </t>
    </Dropdown>
</t>


<t t-name="web.SwitchBranchItem" owl="1">
    <DropdownItem class="p-0 bg-white">
        <t t-set="isBranchSelected" t-value="selectedBranches.includes(branch.id)"/>
        <t t-set="isCurrent" t-value="branch.id === branchService.currentBranch.id"/>
        <div class="d-flex" data-menu="branch" t-att-data-branch-id="branch.id">
            <div
                role="menuitemcheckbox"
                t-att-aria-checked="isBranchSelected"
                t-att-aria-label="branch.name"
                t-att-title="(isBranchSelected ? 'Hide ' : 'Show ') + branch.name + ' content.'"
                tabindex="0"
                class="border-right toggle_branch o_py"
                t-attf-class="{{isCurrent ? 'border-primary' : ''}}"
                t-on-click.stop="toggleBranch(branch.id)">

                <span class="btn btn-light border-0 p-2">
                    <i class="fa fa-fw py-2" t-att-class="isBranchSelected ? 'fa-check-square text-primary' : 'fa-square-o'"/>
                </span>
            </div>

            <div
                role="button"
                t-att-aria-pressed="isCurrent"
                t-att-aria-label="'Switch to ' + branch.name "
                t-att-title="'Switch to ' + branch.name "
                tabindex="0"
                class="d-flex flex-grow-1 align-items-center py-0 log_into pl-2 o_py"
                t-att-class="isCurrent ? 'alert-primary ml-1 mr-2' : 'btn btn-light font-weight-normal border-0'"
                t-on-click="logIntoBranch(branch.id)">

                <span
                    class='branch_label pr-3'
                    t-att-class="isCurrent ? 'text-900 font-weight-bold' : 'ml-1'">
                    <t t-esc="branch.name"/>
                </span>
            </div>
        </div>
    </DropdownItem>
</t>

</templates>


<!-- <?xml version="1.0" encoding="UTF-8"?>
<templates id="default_branch_template" inherit_id="web.template" xml:space="preserve">

    <t t-name="SwitchBranchMenu">
    <li class="o_switch_branch_menu">
        <a role="button" class="dropdown-toggle" data-toggle="dropdown" data-display="static" aria-expanded="false" href="#" title="Dropdown menu">
            <span t-attf-class="#{widget.isMobile ? 'fa fa-building-o' : 'oe_topbar_name'}">
                <t t-if="!widget.isMobile"><t t-esc="widget.current_branch_name"/></t>
            </span>
        </a>
        <div class="dropdown-menu dropdown-menu-right" role="menu">
            <t t-foreach="widget.user_branches" t-as="branch">
                <div class="dropdown-item1 d-flex py-0 px-0" data-menu="branch" t-att-data-branch-id="branch[0]">
                    <t t-set="is_allowed" t-value="widget.allowed_branch_ids.includes(branch[0])"/>
                    <t t-set="is_current" t-value="branch[0] === widget.current_branch"/>
                    <div role="menuitemcheckbox" t-att-aria-checked="is_allowed" t-att-aria-label="branch[1]" tabindex="0" class="ml-auto pl-3 pr-3 border border-top-0 border-left-0 border-bottom-0 toggle_branch o_py">
                        <span style="height: 2rem;">
                            <t t-if="is_allowed">
                                <i class="fa fa-fw fa-check-square pt-2"></i>
                            </t>
                            <t t-if="!is_allowed">
                                <i class="fa fa-fw fa-square-o pt-2"></i>
                            </t>
                        </span>
                    </div>
                    <div role="button" t-att-aria-pressed="is_current" aria-label="Switch to this branch" tabindex="0" class="d-flex flex-grow-1 align-items-center py-0 log_into1 pl-3 o_py" t-att-style="is_current ? 'background-color: lightgrey;' : ''">
                        <t t-if="is_allowed">
                            <span class='mr-3 branch_label'>
                                <t t-esc="branch[1]"/>
                            </span>
                        </t>
                        <t t-if="!is_allowed">
                            <span class='mr-3 branch_label text-muted'>
                                <t t-esc="branch[1]"/>
                            </span>
                        </t>
                    </div>
                </div>
            </t>
        </div>
    </li>
</t>
</templates> -->
